-- For some reason, those sequences are not created with flyway. So we create them here for the tests.
-- It should be clarified why the sequences are missing. Maybe the baseline is wrong!
CREATE SEQUENCE seq_efs_element INCREMENT BY 50;
CREATE SEQUENCE seq_efs_element_mara INCREMENT BY 50;
CREATE SEQUENCE seq_efs_element_mara_history INCREMENT BY 500;
CREATE SEQUENCE seq_efs_element_history INCREMENT BY 500;

INSERT INTO `cost_group` VALUES ('A','Ausstattung',NULL,0);

INSERT INTO `set_version` (`set_version_name`, `timestamp_create`, `user_create`) VALUES
('test set version', '2023-06-22 15:00:00', 'SYSTEM');

INSERT INTO `product` (`product_key`, `set_version_id`, `timestamp_create`, `user_create`) VALUES
('8X0', 1, '2023-06-22 15:00:00', 'SYSTEM'),
('FZ0', 1, '2023-06-22 15:00:00', 'SYSTEM'),
('FZS', 1, '2023-06-22 15:00:00', 'SYSTEM'),
('8Z0', 1, '2023-06-22 15:00:00', 'SYSTEM'),
('GB0', 1, '2023-06-22 15:00:00', 'SYSTEM');

INSERT INTO `vehicle_project` (`vehicle_project_id`, `timestamp_change`, `timestamp_create`, `user_change`, `brand_code`, `product_key`, `project_name`, `sales_key`, `description`, `first_model_year`, `platform`) VALUES
(1,null,null,'PASO','AU','8X0','AU210/0EU_K','8X','A1',2012,'PQ_25__________'),
(2,null,null,'PASO','AU','FZ0','AU210/0EU_K1','8X','A1',2015,'PQ_26__________'),
(3,null,null,'PASO','AU','8X0','AU210/0EU_KR','8X','A1 quattro',2012,'PQ_25__________'),
(4,null,null,'PASO','AU','FZ0','AU210/0EU_KS1','8X','S1',2015,'PQ_26__________'),
(5,null,null,'PASO','AU','8X0','AU210/1EU_K','8X','A1 Sportback',2012,'PQ_25__________'),
(6,null,null,'PASO','AU','FZS','AU210/1EU_K1','8X','A1 Sportback',2015,'PQ_26__________'),
(7,null,null,'PASO','AU','FZS','AU210/1EU_KS1','8X','S1 Sportback',2015,'PQ_26__________'),
(8,null,null,'PASO','AU','8Z0','AU240/2EU_K','8Z','A2',2000,'_______________'),
(9,null,null,'PASO','AU','GB0','AU270/0EU_K','','A1',null,'MQB27_AKQ6P____'),
(10,null,null,'PASO','AU','GB0','AU270/0EU_KS','','S1',null,'MQB27_AKQ6P____');

INSERT INTO `sales_region` (
  sales_region_id, relevant, user_create, user_change, timestamp_create, timestamp_change,  description_de, description_en
) VALUES
  ('X0A', 1, 'EOSTESI', 'EOSTESI', '2014-08-19 15:00:52.000', '2014-11-12 15:30:18.000','DEUTSCHLAND','GERMANY'),
  ('X2B', 1, 'EOSTESI', NULL, '2014-08-19 15:00:52.000', '2014-08-19 15:00:52.000','GROSSBRITANNIEN','GREAT BRITAIN'),
  ('X8D', 1, 'EOSTESI', NULL, '2014-08-19 15:00:52.000', '2014-08-19 15:00:52.000','CHINA','CHINA'),
  ('X8E', 1, 'EOSTESI', NULL, '2014-08-19 15:00:52.000', '2014-08-19 15:00:52.000','CHINA / CKD','CHINA / CKD'),
  ('X8F', 0, 'EOSTESI', NULL, '2014-08-19 15:00:52.000', '2014-08-19 15:00:52.000','TAIWAN','TAIWAN / CKD'),
  ('X8H', 0, 'EOSTESI', NULL, '2014-08-19 15:00:52.000', '2014-08-19 15:00:52.000','TAIWAN / CKD','TAIWAN / CKD'),
  ('X9X', 1, 'EOSTESI', NULL, '2014-08-19 15:00:52.000', '2014-08-19 15:00:52.000','VORSERIEN-FAHRZEUGE','PRESERIES_VEHICLES'),
  ('GG0', 0, 'EOSTESI', NULL, '2014-08-19 15:00:52.000', '2014-08-19 15:00:52.000','TESTLAND1_DE','TESTLAND1_EN'),
  ('GH0', 0, 'EOSTESI', NULL, '2014-08-19 15:00:52.000', '2014-08-19 15:00:52.000','TESTLAND2_DE','TESTLAND2_EN'),
  ('HH0', 0, 'EOSTESI', NULL, '2014-08-19 15:00:52.000', '2014-08-19 15:00:52.000','TESTLAND3_DE','TESTLAND3_EN'),
  ('II0', 0, 'EOSTESI', NULL, '2014-08-19 15:00:52.000', '2014-08-19 15:00:52.000','TESTLAND4_DE','TESTLAND4_EN')
;

UPDATE `sales_region` SET relevant = 1 WHERE sales_region_id = 'X0A';

INSERT INTO `model_import` (
  model_import_id, sales_key, model_year, sales_region_id, import_status,
  user_create, user_change, timestamp_create, timestamp_change
) VALUES
  (3, '5G', 2013, 'X9X', 'IMPORTED', 'EOSTESI', NULL, '2015-09-09 09:40:00.000', '2015-09-09 09:42:16.000'),
  (2, '5G', 2014, 'X9X', 'IMPORTED', 'EOSTESI', NULL, '2015-09-09 09:40:00.000', '2015-09-09 09:45:00.000'),
  (10255, '5G', 2013, 'X9X', 'REQUESTED', 'EOSTESI', NULL, '2015-12-11 09:10:57.000', '2015-12-11 09:10:57.000'),
  (10256, '5G', 2014, 'X9X', 'REQUESTED', 'EOSTESI', NULL, '2015-12-11 09:11:19.000', '2015-12-11 09:11:19.000'),
  (10260, '5T', 2015, 'X0A', 'REQUESTED', 'EOSTESI', NULL, '2016-04-12 09:11:08.000', '2016-04-12 09:11:08.000'),
  (10281, '5G', 2018, 'X8F', 'REQUESTED', 'EOSTESI', NULL, '2017-01-18 10:25:03.000', '2017-01-18 10:25:03.000')
;

INSERT INTO `model` (
  model_id, model_key, description, status, model_version, begin_date, end_date, model_import_id
) VALUES
  (10002, '5G12D5', 'Golf 1,2     TL     77 TSI D7F          ', 'F', '0', '2012-11-05','2000-01-01', 3),
  (10003, '5G122V', 'Golf 1,6     TLBMT  66 fTDIM5F          ', 'C', '0', '2013-04-08','2000-01-01', 3),
  (10004, '5G125A', 'Golf 2,0     TL     81  TDIM5F          ', 'F', '0', '2012-11-05','2000-01-01', 3),
  (10005, '5G125G', 'Golf 2,0     TL     81  TDID7F          ', 'F', '0', '2012-11-05','2000-01-01', 3),
  (10006, '5G13CV', 'Golf 1,2     CLBMT  63 TSI M5F          ', 'F', '0', '2012-08-06','2000-01-01', 3),
  (10007, '5G132V', 'Golf 1,6     CLBMT  66 fTDIM5F          ', 'C', '0', '2013-04-08','2000-01-01', 3),
  (10008, '5G133Z', 'Golf 1,6     CLBMT  81 fTDID7F          ', 'F', '0', '2012-11-05','2000-01-01', 3),
  (10009, '5G135A', 'Golf 2,0     CL     81  TDIM5F          ', 'F', '0', '2012-11-05','2000-01-01', 3),
  (10010, '5G14DX', 'Golf 1,2     HLBMT  77 TSI M6F          ', 'F', '0', '2012-11-05','2000-01-01', 3),
  (10011, '5G14D1', 'Golf 1,2     HL     77 TSI M5F          ', 'F', '0', '2012-11-05','2000-01-01', 3),
  (10012, '5G14D5', 'Golf 1,2     HL     77 TSI D7F          ', 'F', '0', '2012-11-05','2000-01-01', 3),
  (10013, '5G141U', 'Golf 2,0     HLBMT  110fTDIM6A          ', 'F', '0', '2012-11-05','2000-01-01', 3),
  (10014, '5G144U', 'Golf 1,6     HLBMT  77 fTDIM6A          ', 'F', '0', '2012-11-05','2000-01-01', 3),
  (10015, '5G14D5', 'Golf 1,2     HL     77 TSI D7F          ', 'F', '0', '2013-05-27','2000-01-01', 2),
  (10016, '5G14EZ', 'Golf 1,4     HLBMTCN81 TSI D7F          ', 'F', '1', '2013-09-02','2000-01-01', 2),
  (10017, '5G144Z', 'Golf 1,6     HLBMT  77 fTDID7F          ', 'F', '0', '2013-05-27','2000-01-01', 2),
  (10018, '5G188X', 'Golf 2,0     GTDBM  135fTDIM6F          ', 'F', '0', '2013-05-27','2000-01-01', 2),
  (10019, '5G1RWU', 'Golf 2,0     R BM   213TSI M6A          ', 'F', '0', '2013-11-04','2013-11-04', 2),
  (10020, '5G1RW7', 'Golf 2,0     R      213TSI D6A          ', 'F', '0', '2013-11-04','2013-11-04', 2),
  (10021, '5G12DX', 'Golf 1,2     TLBMT  77 TSI M6F          ', 'F', '0', '2013-05-27','2000-01-01', 2),
  (10022, '5G131U', 'Golf 2,0     CLBMT  110fTDIM6A          ', 'F', '0', '2013-05-27','2000-01-01', 2),
  (10023, '5G133Z', 'Golf 1,6     CLBM   81 fTDID7F          ', 'F', '0', '2013-05-27','2000-01-01', 2),
  (10024, '5G125C', 'Golf 2,0     TL     81  TDID6F          ', 'F', '0', '2012-11-05','2012-11-05', 3),
  (10025, '5G13JX', 'Golf 1,4     CLBMT  103TSI M6F          ', 'F', '0', '2012-08-06','2000-01-01', 3),
  (10026, '5G13J5', 'Golf 1,4     CL     103TSI D7F          ', 'F', '0', '2012-08-06','2000-01-01', 3),
  (10027, '5G13KX', 'Golf 1,4     CLBMTZA103TSI M6F          ', 'F', '0', '2012-08-06','2000-01-01', 3),
  (10028, '5G131Y', 'Golf 2,0     CLBMT  110fTDID6F          ', 'F', '0', '2012-11-05','2000-01-01', 3),
  (10029, '5G145C', 'Golf 2,0     HL     81  TDID6F          ', 'F', '0', '2012-11-05','2012-11-05', 3),
  (10030, '5G145G', 'Golf 2,0     HL     81  TDID7F          ', 'F', '0', '2012-11-05','2000-01-01', 3),
  (10031, '5G147X', 'Golf 2,0     HLBMT  103fTDIM6F          ', 'F', '0', '2012-08-06','2000-01-01', 3),
  (10032, '5G14EX', 'Golf 1,4     HLBMTCN81 TSI M6F          ', 'F', '1', '2013-09-02','2000-01-01', 2),
  (10033, '5G14GZ', 'Golf 1,4     HLBMT  90 TSI D7F          ', 'F', '0', '2013-05-27','2000-01-01', 2),
  (10034, '5G144V', 'Golf 1,6     HLBMT  77 fTDIM5F          ', 'F', '0', '2013-05-27','2000-01-01', 2),
  (10035, '5G145C', 'Golf 2,0     HL     81  TDID6f          ', 'F', '0', '2013-05-27','2000-01-01', 2),
  (10036, '5G19TY', 'Golf 2,0     GTIBM  162TSI D6F          ', 'F', '0', '2013-05-27','2000-01-01', 2),
  (10037, '5G1RVR', 'Golf 2,0     R BM   206TSI D6A          ', 'F', '0', '2013-11-04','2000-01-01', 2),
  (10038, '5G1RXU', 'Golf 2,0     R BM   221TSI M6A          ', 'F', '0', '2013-11-04','2000-01-01', 2),
  (10039, '5G125A', 'Golf 2,0     TL     81  TDIM5F          ', 'F', '0', '2013-05-27','2000-01-01', 2),
  (10040, '5G13DX', 'Golf 1,2     CLBMT  77 TSI M6F          ', 'F', '0', '2013-05-27','2000-01-01', 2),
  (10041, '5G133N', 'Golf 1,6     CLB    81 fTDIM5F          ', 'F', '0', '2013-05-27','2013-05-27', 2),
  (10042, '5G134V', 'Golf 1,6     CLBMT  77 fTDIM5F          ', 'F', '0', '2013-05-27','2000-01-01', 2),
  (10043, '5G19TY', 'Golf 2,0     GTIBM  162TSI D6F          ', 'C', '0', '2013-04-08','2000-01-01', 3),
  (10044, '5G0', '5G0 Golf A7', 'MANUELL', '0', '2011-04-01', '2011-04-01', 3),
  (10045, '5G123V', 'Golf 1,6     TLBMT  81 fTDIM5F          ', 'F', '0', '2012-11-05','2000-01-01', 3),
  (10046, '5G13D5', 'Golf 1,2     CL     77 TSI D7F          ', 'F', '0', '2012-11-05','2000-01-01', 3),
  (10047, '5G13FX', 'Golf 1,4     CLBMTFF90 TSI M6F          ', 'F', '0', '2012-11-05','2000-01-01', 3),
  (10048, '5G131X', 'Golf 2,0     CLBMT  110fTDIM6F          ', 'F', '0', '2012-11-05','2000-01-01', 3),
  (10049, '5G14GZ', 'Golf 1,4     HLBMT  90 TSI D7F          ', 'F', '0', '2012-11-05','2000-01-01', 3),
  (10050, '5G14JX', 'Golf 1,4     HLBMT  103TSI M6F          ', 'F', '0', '2012-08-06','2000-01-01', 3),
  (10051, '5G14JZ', 'Golf 1,4     HLBMT  103TSI D7F          ', 'F', '0', '2012-08-06','2000-01-01', 3),
  (10052, '5G14KX', 'Golf 1,4     HLBMTZA103TSI M6F          ', 'F', '0', '2012-08-06','2000-01-01', 3),
  (10053, '5G135C', 'Golf 2,0     CL     81  TDID6F          ', 'F', '0', '2013-05-27','2000-01-01', 2),
  (10054, '5G14DX', 'Golf 1,2     HLBMT  77 TSI M6F          ', 'F', '0', '2013-05-27','2000-01-01', 2),
  (10055, '5G14GX', 'Golf 1,4     HLBMT  90 TSI M6F          ', 'F', '0', '2013-05-27','2000-01-01', 2),
  (10056, '5G14KZ', 'Golf 1,4     HLBMTAC103TSI D7F          ', 'F', '0', '2013-05-27','2000-01-01', 2),
  (10057, '5G143V', 'Golf 1,6     HLBM   81 fTDIM5F          ', 'F', '0', '2013-05-27','2000-01-01', 2),
  (10058, '5G188Y', 'Golf 2,0     GTDBM  135fTDID6F          ', 'F', '0', '2013-05-27','2000-01-01', 2),
  (10059, '5G1RW6', 'Golf 2,0     R      213TSI M6A          ', 'F', '0', '2013-11-04','2013-11-04', 2),
  (10060, '5G12D5', 'Golf 1,2     TL     77 TSI D7F          ', 'F', '0', '2013-05-27','2000-01-01', 2),
  (10061, '5G12EZ', 'Golf 1,4     TLBMTCN81 TSI D7F          ', 'F', '1', '2013-09-02','2000-01-01', 2),
  (10062, '5G122V', 'Golf 1,6     TLBMT  66 fTDIM5F          ', 'F', '0', '2013-05-27','2000-01-01', 2),
  (10063, '5G123N', 'Golf 1,6     TLB    81 fTDIM5F          ', 'F', '0', '2013-05-27','2013-05-27', 2),
  (10064, '5G123Z', 'Golf 1,6     TLBM   81 fTDID7F          ', 'F', '0', '2013-05-27','2000-01-01', 2),
  (10065, '5G13CV', 'Golf 1,2     CLBMT  63 TSI M5F          ', 'F', '0', '2013-05-27','2000-01-01', 2),
  (10066, '5G19T3', 'Golf 2,0     GTI    162TSI D6F          ', 'C', '0', '2013-04-08','2000-01-01', 3),
  (10067, '5G12DZ', 'Golf 1,2     TLBMT  77 TSI D7F          ', 'F', '0', '2012-11-05','2000-01-01', 3),
  (10068, '5G12D1', 'Golf 1,2     TL     77 TSI M5F          ', 'F', '0', '2012-11-05','2000-01-01', 3),
  (10069, '5G12GX', 'Golf 1,4     TLBMT  90 TSI M6F          ', 'F', '0', '2012-11-05','2000-01-01', 3),
  (10070, '5G12GZ', 'Golf 1,4     TLBMT  90 TSI D7F          ', 'F', '0', '2012-11-05','2000-01-01', 3),
  (10071, '5G123Z', 'Golf 1,6     TLBMT  81 fTDID7F          ', 'F', '0', '2012-11-05','2000-01-01', 3),
  (10072, '5G124Z', 'Golf 1,6     TLBMT  77 fTDID7F          ', 'F', '0', '2012-08-06','2000-01-01', 3),
  (10073, '5G13D1', 'Golf 1,2     CL     77 TSI M5F          ', 'F', '0', '2012-11-05','2000-01-01', 3),
  (10074, '5G13GX', 'Golf 1,4     CLBMT  90 TSI M6F          ', 'F', '0', '2012-11-05','2000-01-01', 3),
  (10075, '5G13KZ', 'Golf 1,4     CLBMTZA103TSI D7F          ', 'F', '0', '2012-08-06','2000-01-01', 3),
  (10076, '5G137Y', 'Golf 2,0     CLBMT  103fTDID6F          ', 'F', '0', '2012-08-06','2000-01-01', 3),
  (10077, '5G14GX', 'Golf 1,4     HLBMT  90 TSI M6F          ', 'F', '0', '2012-11-05','2000-01-01', 3),
  (10078, '5G141X', 'Golf 2,0     HLBMT  110fTDIM6F          ', 'F', '0', '2012-11-05','2000-01-01', 3),
  (10079, '5G124V', 'Golf 1,6     TLBMT  77 fTDIM5F          ', 'F', '0', '2013-05-27','2000-01-01', 2),
  (10080, '5G13JX', 'Golf 1,4     CLBMT  103TSI M6F          ', 'F', '0', '2013-05-27','2000-01-01', 2),
  (10081, '5G12CV', 'Golf 1,2     TLBMT  63 TSI M5F          ', 'F', '0', '2012-08-06','2000-01-01', 3),
  (10082, '5G121U', 'Golf 2,0     TLBMT  110fTDIM6A          ', 'C', '0', '2012-11-05','2012-11-05', 3),
  (10083, '5G131U', 'Golf 2,0     CLBMT  110fTDIM6A          ', 'F', '0', '2012-11-05','2000-01-01', 3),
  (10084, '5G134Z', 'Golf 1,6     CLBMT  77 fTDID7F          ', 'F', '0', '2012-08-06','2000-01-01', 3),
  (10085, '5G14DZ', 'Golf 1,2     HLBMT  77 TSI D7F          ', 'F', '0', '2012-11-05','2000-01-01', 3),
  (10086, '5G144Z', 'Golf 1,6     HLBMT  77 fTDID7F          ', 'F', '0', '2012-08-06','2000-01-01', 3),
  (10087, '5G145A', 'Golf 2,0     HL     81  TDIM5F          ', 'F', '0', '2012-11-05','2000-01-01', 3),
  (10088, '5G189X', 'Golf 2,0     GTDBM  132fTDIM6F          ', 'C', '0', '2013-04-08','2000-01-01', 3),
  (10089, '5G141X', 'Golf 2,0     HLBMT  110fTDIM6F          ', 'F', '0', '2013-05-27','2000-01-01', 2),
  (10090, '5G141Y', 'Golf 2,0     HLBMT  110fTDID6F          ', 'F', '0', '2013-05-27','2000-01-01', 2),
  (10091, '5G19RY', 'Golf 2,0     GTIBM  155TSI D6F          ', 'F', '0', '2013-11-04','2000-01-01', 2),
  (10092, '5G1RWR', 'Golf 2,0     R BM   213TSI D6A          ', 'F', '0', '2013-11-04','2013-11-04', 2),
  (10093, '5G124Z', 'Golf 1,6     TLBMT  77 fTDID7F          ', 'F', '0', '2013-05-27','2000-01-01', 2),
  (10094, '5G125C', 'Golf 2,0     TL     81  TDID6F          ', 'F', '0', '2013-05-27','2000-01-01', 2),
  (10095, '5G13FX', 'Golf 1,4     CLBMTFF90 TSI M6F          ', 'F', '0', '2013-05-27','2000-01-01', 2),
  (10096, '5G13GX', 'Golf 1,4     CLBMT  90 TSI M6F          ', 'F', '0', '2013-05-27','2000-01-01', 2),
  (10097, '5G13KZ', 'Golf 1,4     CLBMTAC103TSI D7F          ', 'F', '0', '2013-05-27','2000-01-01', 2),
  (10098, '5G133V', 'Golf 1,6     CLBM   81 fTDIM5F          ', 'F', '0', '2013-05-27','2000-01-01', 2),
  (10099, '5G134U', 'Golf 1,6     CLBMT  77 fTDIM6A          ', 'F', '0', '2013-05-27','2000-01-01', 2),
  (10100, '5G19TX', 'Golf 2,0     GTIBM  162TSI M6F          ', 'C', '0', '2013-04-08','2000-01-01', 3),
  (10101, '5G121Y', 'Golf 2,0     TLBMT  110fTDID6F          ', 'C', '0', '2012-08-06','2012-08-06', 3),
  (10102, '5G189Y', 'Golf 2,0     GTDBM  132fTDID6F          ', 'C', '0', '2013-04-08','2000-01-01', 3),
  (10103, '5G133V', 'Golf 1,6     CLBMT  81 fTDIM5F          ', 'F', '0', '2012-11-05','2000-01-01', 3),
  (10104, '5G134U', 'Golf 1,6     CLBMT  77 fTDIM6A          ', 'F', '0', '2012-11-05','2000-01-01', 3),
  (10105, '5G134V', 'Golf 1,6     CLBMT  77 fTDIM5F          ', 'F', '0', '2012-08-06','2000-01-01', 3),
  (10106, '5G135G', 'Golf 2,0     CL     81  TDID7F          ', 'F', '0', '2012-11-05','2000-01-01', 3),
  (10107, '5G137X', 'Golf 2,0     CLBMT  103fTDIM6F          ', 'F', '0', '2012-08-06','2000-01-01', 3),
  (10108, '5G14D1', 'Golf 1,2     HL     77 TSI M5F          ', 'F', '0', '2013-05-27','2000-01-01', 2),
  (10109, '5G14JX', 'Golf 1,4     HLBMT  103TSI M6F          ', 'F', '0', '2013-05-27','2000-01-01', 2),
  (10110, '5G14JZ', 'Golf 1,4     HLBMT  103TSI D7F          ', 'F', '0', '2013-05-27','2000-01-01', 2),
  (10111, '5G12DZ', 'Golf 1,2     TLBMT  77 TSI D7F          ', 'F', '0', '2013-05-27','2000-01-01', 2),
  (10112, '5G12EX', 'Golf 1,4     TLBMTCN81 TSI M6F          ', 'F', '1', '2013-09-02','2000-01-01', 2),
  (10113, '5G12GX', 'Golf 1,4     TLBMT  90 TSI M6F          ', 'F', '0', '2013-05-27','2000-01-01', 2),
  (10114, '5G12GZ', 'Golf 1,4     TLBMT  90 TSI D7F          ', 'F', '0', '2013-05-27','2000-01-01', 2),
  (10115, '5G12J5', 'Golf 1,4     TL     103TSI D7F          ', 'F', '0', '2013-05-27','2000-01-01', 2),
  (10116, '5G124U', 'Golf 1,6     TLBMT  77 fTDIM6A          ', 'F', '0', '2013-05-27','2000-01-01', 2),
  (10117, '5G13DZ', 'Golf 1,2     CLBMT  77 TSI D7F          ', 'F', '0', '2013-05-27','2000-01-01', 2),
  (10118, '5G13EZ', 'Golf 1,4     CLBMTCN81 TSI D7F          ', 'F', '1', '2013-09-02','2000-01-01', 2),
  (10119, '5G131X', 'Golf 2,0     CLBMT  110fTDIM6F          ', 'F', '0', '2013-05-27','2000-01-01', 2),
  (10120, '5G134Z', 'Golf 1,6     CLBMT  77 fTDID7F          ', 'F', '0', '2013-05-27','2000-01-01', 2),
  (10121, '5G121X', 'Golf 2,0     TLBMT  110fTDIM6F          ', 'C', '0', '2012-11-05','2012-11-05', 3),
  (10122, '5G124U', 'Golf 1,6     TLBMT  77 fTDIM6A          ', 'F', '0', '2012-11-05','2000-01-01', 3),
  (10123, '5G124V', 'Golf 1,6     TLBMT  77 fTDIM5F          ', 'F', '0', '2012-08-06','2000-01-01', 3),
  (10124, '5G13DX', 'Golf 1,2     CLBMT  77 TSI M6F          ', 'F', '0', '2012-11-05','2000-01-01', 3),
  (10125, '5G13DZ', 'Golf 1,2     CLBMT  77 TSI D7F          ', 'F', '0', '2012-11-05','2000-01-01', 3),
  (10126, '5G135C', 'Golf 2,0     CL     81  TDID6F          ', 'F', '0', '2012-11-05','2012-11-05', 3),
  (10127, '5G14J5', 'Golf 1,4     HL     103TSI D7F          ', 'F', '0', '2012-08-06','2000-01-01', 3),
  (10128, '5G14KZ', 'Golf 1,4     HLBMTZA103TSI D7F          ', 'F', '0', '2012-08-06','2000-01-01', 3),
  (10129, '5G144V', 'Golf 1,6     HLBMT  77 fTDIM5F          ', 'F', '0', '2012-11-05','2000-01-01', 3),
  (10130, '5G135A', 'Golf 2,0     CL     81  TDIM5F          ', 'F', '0', '2013-05-27','2000-01-01', 2),
  (10131, '5G14DZ', 'Golf 1,2     HLBMT  77 TSI D7F          ', 'F', '0', '2013-05-27','2000-01-01', 2),
  (10132, '5G14J5', 'Golf 1,4     HL     103TSI D7F          ', 'F', '0', '2013-05-27','2000-01-01', 2),
  (10133, '5G14KX', 'Golf 1,4     HLBMTAC103TSI M6F          ', 'F', '0', '2013-05-27','2000-01-01', 2),
  (10134, '5G141U', 'Golf 2,0     HLBMT  110fTDIM6A          ', 'F', '0', '2013-05-27','2000-01-01', 2),
  (10135, '5G144U', 'Golf 1,6     HLBMT  77 fTDIM6A          ', 'F', '0', '2013-05-27','2000-01-01', 2),
  (10136, '5G19R3', 'Golf 2,0     GTI    155TSI D6F          ', 'F', '0', '2013-11-04','2000-01-01', 2),
  (10137, '5G19TX', 'Golf 2,0     GTIBM  162TSI M6F          ', 'F', '0', '2013-05-27','2000-01-01', 2),
  (10138, '5G19T3', 'Golf 2,0     GTI    162TSI D6F          ', 'F', '0', '2013-05-27','2000-01-01', 2),
  (10139, '5G19UY', 'Golf 2,0     GTIBM  169TSI D6F          ', 'F', '0', '2013-05-27','2000-01-01', 2),
  (10140, '5G12FX', 'Golf 1,4     TLBMTFF90 TSI M6F          ', 'F', '0', '2013-05-27','2000-01-01', 2),
  (10141, '5G123P', 'Golf 1,6     TLB    81 fTDIM6F          ', 'C', '1', '2013-05-27','2000-01-01', 2),
  (10142, '5G13GZ', 'Golf 1,4     CLBMT  90 TSI D7F          ', 'F', '0', '2013-05-27','2000-01-01', 2),
  (10143, '5G133P', 'Golf 1,6     CLB    81 fTDIM6F          ', 'C', '1', '2013-05-27','2000-01-01', 2),
  (10144, '5G12DX', 'Golf 1,2     TLBMT  77 TSI M6F          ', 'F', '0', '2012-11-05','2000-01-01', 3),
  (10145, '5G12FX', 'Golf 1,4     TLBMTFF90 TSI M6F          ', 'F', '0', '2012-11-05','2000-01-01', 3),
  (10146, '5G13GZ', 'Golf 1,4     CLBMT  90 TSI D7F          ', 'F', '0', '2012-11-05','2000-01-01', 3),
  (10147, '5G13JZ', 'Golf 1,4     CLBMT  103TSI D7F          ', 'F', '0', '2012-08-06','2000-01-01', 3),
  (10148, '5G141Y', 'Golf 2,0     HLBMT  110fTDID6F          ', 'F', '0', '2012-11-05','2000-01-01', 3),
  (10149, '5G147Y', 'Golf 2,0     HLBMT  103fTDID6F          ', 'F', '0', '2012-08-06','2000-01-01', 3),
  (10150, '5G143Z', 'Golf 1,6     HLBM   81 fTDID7F          ', 'F', '0', '2013-05-27','2000-01-01', 2),
  (10151, '5G145A', 'Golf 2,0     HL     81  TDIM5F          ', 'F', '0', '2013-05-27','2000-01-01', 2),
  (10152, '5G19UX', 'Golf 2,0     GTIBM  169TSI M6F          ', 'F', '0', '2013-05-27','2000-01-01', 2),
  (10153, '5G1RVU', 'Golf 2,0     R BM   206TSI M6A          ', 'F', '0', '2013-11-04','2000-01-01', 2),
  (10154, '5G1RV6', 'Golf 2,0     R      206TSI M6A          ', 'F', '0', '2013-11-04','2000-01-01', 2),
  (10155, '5G1RV7', 'Golf 2,0     R      206TSI D6A          ', 'F', '0', '2013-11-04','2000-01-01', 2),
  (10156, '5G1RXR', 'Golf 2,0     R BM   221TSI D6A          ', 'F', '0', '2013-11-04','2000-01-01', 2),
  (10157, '5G12CV', 'Golf 1,2     TLBMT  63 TSI M5F          ', 'F', '0', '2013-05-27','2000-01-01', 2),
  (10158, '5G12D1', 'Golf 1,2     TL     77 TSI M5F          ', 'F', '0', '2013-05-27','2000-01-01', 2),
  (10159, '5G123V', 'Golf 1,6     TLBM   81 fTDIM5F          ', 'F', '0', '2013-05-27','2000-01-01', 2),
  (10160, '5G13D1', 'Golf 1,2     CL     77 TSI M5F          ', 'F', '0', '2013-05-27','2000-01-01', 2),
  (10161, '5G13D5', 'Golf 1,2     CL     77 TSI D7F          ', 'F', '0', '2013-05-27','2000-01-01', 2),
  (10162, '5G13EX', 'Golf 1,4     CLBMTCN81 TSI M6F          ', 'F', '1', '2013-09-02','2000-01-01', 2),
  (10163, '5G13JZ', 'Golf 1,4     CLBMT  103TSI D7F          ', 'F', '0', '2013-05-27','2000-01-01', 2),
  (10164, '5G13J5', 'Golf 1,4     CL     103TSI D7F          ', 'F', '0', '2013-05-27','2000-01-01', 2),
  (10165, '5G13KX', 'Golf 1,4     CLBMTAC103TSI M6F          ', 'F', '0', '2013-05-27','2000-01-01', 2),
  (10166, '5G131Y', 'Golf 2,0     CLBMT  110fTDID6F          ', 'F', '0', '2013-05-27','2000-01-01', 2),
  (10167, '5G132V', 'Golf 1,6     CLBMT  66 fTDIM5F          ', 'F', '0', '2013-05-27','2000-01-01', 2)
;
